<?xml version="1.0" encoding="UTF-8"?>
<beans:beans xmlns="http://www.springframework.org/schema/mvc"
	xmlns:xsi="http://www.w3.org/2001/XMLSchema-instance"
	xmlns:beans="http://www.springframework.org/schema/beans"
	xmlns:context="http://www.springframework.org/schema/context"
	xsi:schemaLocation="http://www.springframework.org/schema/mvc https://www.springframework.org/schema/mvc/spring-mvc.xsd
		http://www.springframework.org/schema/beans https://www.springframework.org/schema/beans/spring-beans.xsd
		http://www.springframework.org/schema/context https://www.springframework.org/schema/context/spring-context.xsd">

	<!-- DispatcherServlet Context: defines this servlet's request-processing infrastructure -->
	
	<!-- Enables the Spring MVC @Controller programming model -->
	<annotation-driven />

	<!-- Handles HTTP GET requests for /resources/** by efficiently serving up static resources in the ${webappRoot}/resources directory -->
	<resources mapping="/resources/**" location="/resources/" />
	<resources mapping="/assets/**" location="/resources/assets/" />
	<resources mapping="/css/**" location="/resources/css/" />
	<resources mapping="/js/**" location="/resources/js/" />

	<!-- Resolves views selected for rendering by @Controllers to .jsp resources in the /WEB-INF/views directory -->
	<beans:bean class="org.springframework.web.servlet.view.InternalResourceViewResolver">
		<beans:property name="prefix" value="/WEB-INF/views/" />
		<beans:property name="suffix" value=".jsp" />
	</beans:bean>
	
	<context:component-scan base-package="com.ecoala.ele" />
	
	<interceptors>
	<!-- 인터셉터 : 로그인정보가 필요한 url들에 요청이 들어올 때 beans부터 타도록 함 -->
		<interceptor>
			<!--특정경로 하위 모두 적용  -->
			<mapping path="/admin/*" />
			<!-- 해당 경로만 -->
			<!-- <mapping path="/mngrMemList" /> -->
			<!--제외을 원하면  -->
			<!-- <exclude-mapping path="/home"/>	 -->
			<beans:bean id="adminCheckInterceptor" class="com.ecoala.ele.commons.utils.AdminCheckInterceptor"></beans:bean>
		</interceptor>
	</interceptors>
	
</beans:beans>
