<?xml version="1.0" encoding="UTF-8"?>
<!DOCTYPE mapper PUBLIC "-//mybatis.org//DTD Mapper 3.0//EN" "http://mybatis.org/dtd/mybatis-3-mapper.dtd">
<mapper namespace="com.ecoala.ele.mbrMember.dao.IMngMemberDAO">

	<!-- member 회원가입 -->
	<insert id="registMember" parameterType="MngMemberVO">
		INSERT INTO member(
		mem_id
		,user_id
		,user_pw
		,user_nm
		,mem_no
		,job_type
		,house_type
		,house_area
		,region
		)
		VALUES(
		#{memId}
		,#{userId}
		,#{userPw}
		,#{userNm}
		,#{memNo}
		,#{jobType}
		,#{houseType}
		,#{houseArea}
		,#{region}
		)
	</insert>
	<insert id="registMemInfo" parameterType="MngMemberVO">
		<!-- 생성된 키 값을 memId 에 할당 // 반환된는 값의 타입 지정 //쿼리 실행 순서 주 쿼리 실행 전에 실행되어야함을 
			의미 -->
		<selectKey keyProperty="memId" resultType="String"
			order="BEFORE">
			SELECT mem_info_seq.nextval AS memId FROM dual
		</selectKey>

		INSERT INTO mem_info(
		mem_id
		,mem_no
		,job_type
		,house_type
		,house_area
		,region
		)
		VALUES(
		#{memId}
		,#{memNo}
		,#{jobType}
		,#{houseType}
		,#{houseArea}
		,#{region}
		)
	</insert>
	<!-- 중복 아이디 체크 쿼리 -->
	<select id="checkId" parameterType="string" resultType="boolean">
		SELECT
		COUNT(*)
		FROM MEMBER
		WHERE USER_ID = #{userId}
	</select>
	<!-- member 유저 로그인 -->
	<select id="loginMember" parameterType="MngMemberVO"
		resultType="MngMemberVO">
		SELECT user_id
		,user_pw
		,mem_id
		FROM member
		WHERE user_id =
		#{userId, jdbcType=VARCHAR}
		AND del_Yn = 'N'
	</select>
	<!-- member 관리자 로그인 -->
	<select id="mngrMember" parameterType="MngMemberVO"
		resultType="MngMemberVO">
		SELECT user_id
		,user_pw
		,authority
		FROM member
		WHERE user_id =
		#{userId, jdbcType=VARCHAR}
		AND authority = 'Y'
	</select>

	<!-- member 회원정보 조회 -->
	<select id="mngrMemberList" resultType="MngMemberVO"
		parameterType="SearchVO">
		<include refid="prePage"></include>
		SELECT user_id, user_nm,
		to_char(user_dt,'YYYY-MM-DD') as user_dt,
		del_yn
		FROM member
		WHERE 1=1
		<include refid="condBoardSearch"></include>
		ORDER BY user_id DESC
		<include refid="postPage"></include>
	</select>

	<sql id="prePage">
		SELECT * FROM (
		SELECT a.* , rownum as rnum FROM (
	</sql>

	<sql id="postPage">
		) a )b
		WHERE rnum between #{firstRow} and #{lastRow}
	</sql>

	<!--검색조건 정적메소드 사용 방법. @클래스이름@메소드이름(파라미터이름) -->
	<sql id="condBoardSearch">
		<!--isNotBlank 메서드는 문자열이 null이거나 공백 문자로만 이루어져 있지 않은지를 확인하는 메서드 -->
		<if
			test="@org.apache.commons.lang3.StringUtils@isNotBlank(searchWord)">
			<choose>
				<when test='searchOption=="userId"'>
					AND user_id LIKE '%'|| #{searchWord} || '%'
				</when>
				<when test='searchOption=="userNm"'>
					AND user_nm LIKE '%'|| #{searchWord} || '%'
				</when>
			</choose>
		</if>
	</sql>

	<!-- public int getTotalRowCount(BoardVO searchVO); /*목록 건수 조회*/ -->
	<select id="getTotalRowCount" parameterType="BoardVO"
		resultType="int">
		SELECT count(*)
		FROM member
		WHERE 1=1
		AND del_yn ='N'
		<include refid="condBoardSearch"></include>
	</select>

	<!-- member 상세정보 조회 -->
	<!-- <select id="getmember" resultType="MngMemberVO" parameterType="String"> 
		SELECT mem_id, user_id, user_nm, mem_no, job_type, house_type ,house_area, 
		region, to_char(user_dt,'YYYY-MM-DD') as user_dt, del_yn FROM member where 
		user_id = #{userId, jdbcType=VARCHAR} </select> -->
	<select id="getmember" resultType="MngMemberVO"
		parameterType="String">
		SELECT * FROM (
		SELECT a.mem_id, a.user_id, a.user_nm,
		a.mem_no, a.job_type,
		a.house_type
		,a.house_area, a.region,
		to_char(a.user_dt,'YYYY-MM-DD') as
		user_dt, a.del_yn , nvl(SUM(b.point)
		OVER (ORDER BY dt),0) AS total_point
		FROM member a, mem_point b
		where
		a.user_id = #{userId, jdbcType=VARCHAR}
		and a.user_id = b.user_id(+)
		order by b.dt desc
		) WHERE ROWNUM = 1
	</select>
	<!-- member 삭제 -->
	<update id="deleteMember" parameterType="String">
		UPDATE member
		SET del_yn
		= 'Y'
		WHERE mem_id = #{memId}
	</update>
	<!-- 마이페이지 회원수정 -->
	<update id="updateMember" parameterType="MngMemberVO">
		UPDATE MEMBER
		SET USER_NM = #{userNm}
		<if test="@org.apache.commons.lang3.StringUtils@isNotBlank(userPw)">
			,USER_PW = #{userPw}
		</if>
		,MEM_NO = #{memNo}
		,JOB_TYPE = #{jobType}
		,HOUSE_TYPE = #{houseType}
		,HOUSE_AREA = #{houseArea}
		,REGION = #{region}
		WHERE USER_ID = #{userId}
	</update>
	<!-- 마이페이지 포인트 조회 -->
	<select id="memberPoint" resultType="cboPointVO"
		parameterType="MngMemberVO">
		SELECT a.user_id,to_char(a.dt,'YYYYMMDDHH24MI') AS dt,
		a.point,SUM(a.point) OVER (ORDER BY dt) AS totalPoints
		,b.product_id
		FROM mem_point a, product b
		where a.product_code = b.product_code
		and user_id = #{userId}
		ORDER BY dt desc
	</select>
	<!-- 총 게시글 조회 -->
	<select id="getTotalBoardCount" parameterType="BoardVO"
		resultType="int">
		SELECT count(*)
		FROM board
		WHERE 1=1
		AND board_yn ='N'
	</select>
	<!-- 삭제유저,게시글 -->
	<select id="deleteMemberCount" resultType="int">
		SELECT count(*)
		FROM
		member
		WHERE 1=1
		AND del_yn ='Y'
	</select>
	<select id="deleteBoardCount" resultType="int">
		SELECT count(*)
		FROM
		board
		WHERE 1=1
		AND board_yn ='Y'
	</select>
	

</mapper>
